gene_name,synonymsString,editor,edit_date,field
ABL1,"ABL1,ABL,BCR-ABL,bcr/abl,c-ABL,c-ABL1,CHDSKM,JTK7,p150,v-abl",Paul.DePietro@omniseq.com,2020-04-24-16-08-23-642000,SynonymsString_omnigene_25
ABL2,"ABL2,ABLL,ARG",manuel.glynias@omniseq.com,2020-04-28-12-46-35-101000,SynonymsString_omnigene_27
ABRAXAS1,FAM175A,loader,2020-04-22-17-30-36-728437,SynonymsString_omnigene_84142
ACVR1,ACVR1,loader,2020-04-22-17-21-01-224479,SynonymsString_omnigene_90
ACVR1B,ACVR1B,loader,2020-04-22-17-21-03-499071,SynonymsString_omnigene_91
ACVRL1,ACVRL1,loader,2020-04-22-17-21-05-978738,SynonymsString_omnigene_94
ADGRA2,GPR124,loader,2020-04-22-17-33-21-459963,SynonymsString_omnigene_25960
ADORA2A,ADORA2A,loader,2020-04-22-17-21-08-446636,SynonymsString_omnigene_135
AKT1,AKT1,loader,2020-04-22-17-21-20-404464,SynonymsString_omnigene_207
AKT2,AKT2,loader,2020-04-22-17-21-25-256582,SynonymsString_omnigene_208
AKT3,AKT3,loader,2020-04-22-17-21-27-386614,SynonymsString_omnigene_10000
ALK,ALK,loader,2020-04-22-17-21-29-607573,SynonymsString_omnigene_238
ALOX12B,ALOX12B,loader,2020-04-22-17-21-32-055978,SynonymsString_omnigene_242
AMER1,FAM123B,loader,2020-04-22-17-30-35-106516,SynonymsString_omnigene_139285
ANKRD11,ANKRD11,loader,2020-04-22-17-21-34-928008,SynonymsString_omnigene_29123
ANKRD26,ANKRD26,loader,2020-04-22-17-21-36-480737,SynonymsString_omnigene_22852
APC,APC,loader,2020-04-22-17-21-39-748046,SynonymsString_omnigene_324
APEX1,APEX1,loader,2020-04-22-17-21-41-997859,SynonymsString_omnigene_328
AR,AR,loader,2020-04-22-17-21-45-719452,SynonymsString_omnigene_367
ARAF,ARAF,loader,2020-04-22-17-21-48-041137,SynonymsString_omnigene_369
ARFRP1,ARFRP1,loader,2020-04-22-17-21-49-598572,SynonymsString_omnigene_10139
ARID1A,ARID1A,loader,2020-04-22-17-21-52-135120,SynonymsString_omnigene_8289
ARID1B,ARID1B,loader,2020-04-22-17-21-55-004454,SynonymsString_omnigene_57492
ARID2,ARID2,loader,2020-04-22-17-21-56-821538,SynonymsString_omnigene_196528
ARID5B,ARID5B,loader,2020-04-22-17-21-59-557087,SynonymsString_omnigene_84159
ASXL1,ASXL1,loader,2020-04-22-17-22-02-681979,SynonymsString_omnigene_171023
ASXL2,ASXL2,loader,2020-04-22-17-22-05-386456,SynonymsString_omnigene_55252
ATM,ATM,loader,2020-04-22-17-22-12-848303,SynonymsString_omnigene_472
ATP11B,ATP11B,loader,2020-04-22-17-22-16-588501,SynonymsString_omnigene_23200
ATR,ATR,loader,2020-04-22-17-22-18-754858,SynonymsString_omnigene_545
ATRX,ATRX,loader,2020-04-22-17-22-21-913443,SynonymsString_omnigene_546
AURKA,AURKA,loader,2020-04-22-17-22-26-067839,SynonymsString_omnigene_6790
AURKB,AURKB,loader,2020-04-22-17-22-29-278614,SynonymsString_omnigene_9212
AXIN1,AXIN1,loader,2020-04-22-17-22-34-216433,SynonymsString_omnigene_8312
AXIN2,AXIN2,loader,2020-04-22-17-22-36-236791,SynonymsString_omnigene_8313
AXL,AXL,loader,2020-04-22-17-22-39-650484,SynonymsString_omnigene_558
B2M,B2M,loader,2020-04-22-17-22-42-855119,SynonymsString_omnigene_567
BAP1,BAP1,loader,2020-04-22-17-22-50-640618,SynonymsString_omnigene_8314
BARD1,BARD1,loader,2020-04-22-17-22-53-885287,SynonymsString_omnigene_580
BBC3,BBC3,loader,2020-04-22-17-22-56-906822,SynonymsString_omnigene_27113
BCL10,BCL10,loader,2020-04-22-17-22-59-963566,SynonymsString_omnigene_8915
BCL2,BCL2,loader,2020-04-22-17-23-02-748985,SynonymsString_omnigene_596
BCL2L1,BCL2L1,loader,2020-04-22-17-23-05-355180,SynonymsString_omnigene_598
BCL2L11,BCL2L11,loader,2020-04-22-17-23-08-001187,SynonymsString_omnigene_10018
BCL2L2,BCL2L2,loader,2020-04-22-17-23-09-847353,SynonymsString_omnigene_599
BCL6,BCL6,loader,2020-04-22-17-23-11-839484,SynonymsString_omnigene_604
BCL9,BCL9,loader,2020-04-22-17-23-13-429346,SynonymsString_omnigene_607
BCOR,BCOR,loader,2020-04-22-17-23-15-556754,SynonymsString_omnigene_54880
BCORL1,BCORL1,loader,2020-04-22-17-23-18-539787,SynonymsString_omnigene_63035
BCR,BCR,loader,2020-04-22-17-23-22-946401,SynonymsString_omnigene_613
BIRC2,BIRC2,loader,2020-04-22-17-23-25-608431,SynonymsString_omnigene_329
BIRC3,BIRC3,loader,2020-04-22-17-23-27-988711,SynonymsString_omnigene_330
BLM,BLM,loader,2020-04-22-17-23-40-348555,SynonymsString_omnigene_641
BMPR1A,BMPR1A,loader,2020-04-22-17-23-43-346057,SynonymsString_omnigene_657
BRAF,BRAF,loader,2020-04-22-17-23-47-022034,SynonymsString_omnigene_673
BRCA1,BRCA1,loader,2020-04-22-17-23-51-689834,SynonymsString_omnigene_672
BRCA2,BRCA2,loader,2020-04-22-17-23-55-530590,SynonymsString_omnigene_675
BRD4,BRD4,loader,2020-04-22-17-24-01-850173,SynonymsString_omnigene_23476
BRIP1,BRIP1,loader,2020-04-22-17-24-05-042552,SynonymsString_omnigene_83990
BTG1,BTG1,loader,2020-04-22-17-24-07-033688,SynonymsString_omnigene_694
BTK,BTK,loader,2020-04-22-17-24-09-753403,SynonymsString_omnigene_695
BTLA,BTLA,loader,2020-04-22-17-24-13-237333,SynonymsString_omnigene_151888
CALR,CALR,loader,2020-04-22-17-24-22-753274,SynonymsString_omnigene_811
CARD11,CARD11,loader,2020-04-22-17-24-25-372446,SynonymsString_omnigene_84433
CASP8,CASP8,loader,2020-04-22-17-24-28-451229,SynonymsString_omnigene_841
CBFB,CBFB,loader,2020-04-22-17-24-30-070779,SynonymsString_omnigene_865
CBL,CBL,loader,2020-04-22-17-24-32-220731,SynonymsString_omnigene_867
CCL2,CCL2,loader,2020-04-22-17-24-35-653207,SynonymsString_omnigene_6347
CCN6,WISP3,loader,2020-04-22-17-51-04-242013,SynonymsString_omnigene_8838
CCND1,CCND1,loader,2020-04-22-17-24-37-864869,SynonymsString_omnigene_595
CCND2,CCND2,loader,2020-04-22-17-24-39-423959,SynonymsString_omnigene_894
CCND3,CCND3,loader,2020-04-22-17-24-41-583113,SynonymsString_omnigene_896
CCNE1,CCNE1,loader,2020-04-22-17-24-43-224835,SynonymsString_omnigene_898
CCR2,CCR2,loader,2020-04-22-17-24-46-200899,SynonymsString_omnigene_729230
CD163,CD163,loader,2020-04-22-17-24-49-280306,SynonymsString_omnigene_9332
CD2,CD2,loader,2020-04-22-17-24-50-884160,SynonymsString_omnigene_914
CD244,CD244,loader,2020-04-22-17-24-54-847930,SynonymsString_omnigene_51744
CD27,CD27,loader,2020-04-22-17-24-57-014172,SynonymsString_omnigene_939
CD274,CD274,loader,2020-04-22-17-25-01-035165,SynonymsString_omnigene_29126
CD276,CD276,loader,2020-04-22-17-25-04-808592,SynonymsString_omnigene_80381
CD28,CD28,loader,2020-04-22-17-25-08-095956,SynonymsString_omnigene_940
CD38,CD38,loader,2020-04-22-17-25-18-035640,SynonymsString_omnigene_952
CD3D,CD3D,loader,2020-04-22-17-25-09-938339,SynonymsString_omnigene_915
CD3E,CD3E,loader,2020-04-22-17-25-13-262367,SynonymsString_omnigene_916
CD3G,CD3G,loader,2020-04-22-17-25-15-620134,SynonymsString_omnigene_917
CD4,CD4,loader,2020-04-22-17-25-20-373380,SynonymsString_omnigene_920
CD40,CD40,loader,2020-04-22-17-25-23-262556,SynonymsString_omnigene_958
CD40LG,CD40LG,loader,2020-04-22-17-25-25-885557,SynonymsString_omnigene_959
CD44,CD44,loader,2020-04-22-17-25-34-530055,SynonymsString_omnigene_960
CD68,CD68,loader,2020-04-22-17-25-38-081321,SynonymsString_omnigene_968
CD74,CD74,loader,2020-04-22-17-25-40-013582,SynonymsString_omnigene_972
CD79A,CD79A,loader,2020-04-22-17-25-42-270538,SynonymsString_omnigene_973
CD79B,CD79B,loader,2020-04-22-17-25-43-977677,SynonymsString_omnigene_974
CD80,CD80,loader,2020-04-22-17-25-49-529777,SynonymsString_omnigene_941
CD86,CD86,loader,2020-04-22-17-25-51-249523,SynonymsString_omnigene_942
CD8A,CD8A,loader,2020-04-22-17-25-53-594697,SynonymsString_omnigene_925
CD8A,CD8A,loader,2020-04-22-17-25-53-594697,SynonymsString_omnigene_925
CD8B,CD8B,loader,2020-04-22-17-25-55-342364,SynonymsString_omnigene_926
CD8B,CD8B,loader,2020-04-22-17-25-55-342364,SynonymsString_omnigene_926
CDC73,CDC73,loader,2020-04-22-17-25-57-609214,SynonymsString_omnigene_79577
CDH1,CDH1,loader,2020-04-22-17-26-03-333171,SynonymsString_omnigene_999
CDK12,CDK12,loader,2020-04-22-17-26-05-398402,SynonymsString_omnigene_51755
CDK4,CDK4,loader,2020-04-22-17-26-08-878866,SynonymsString_omnigene_1019
CDK6,CDK6,loader,2020-04-22-17-26-11-719259,SynonymsString_omnigene_1021
CDK8,CDK8,loader,2020-04-22-17-26-13-865570,SynonymsString_omnigene_1024
CDKN1A,CDKN1A,loader,2020-04-22-17-26-18-237602,SynonymsString_omnigene_1026
CDKN1B,CDKN1B,loader,2020-04-22-17-26-20-992253,SynonymsString_omnigene_1027
CDKN2A,CDKN2A,loader,2020-04-22-17-26-24-107702,SynonymsString_omnigene_1029
CDKN2B,CDKN2B,loader,2020-04-22-17-26-25-828464,SynonymsString_omnigene_1030
CDKN2C,CDKN2C,loader,2020-04-22-17-26-28-794281,SynonymsString_omnigene_1031
CEBPA,CEBPA,loader,2020-04-22-17-26-31-300914,SynonymsString_omnigene_1050
CENPA,CENPA,loader,2020-04-22-17-26-40-336210,SynonymsString_omnigene_1058
CHD2,CHD2,loader,2020-04-22-17-26-43-215145,SynonymsString_omnigene_1106
CHD4,CHD4,loader,2020-04-22-17-26-45-582744,SynonymsString_omnigene_1108
CHEK1,CHEK1,loader,2020-04-22-17-26-48-196653,SynonymsString_omnigene_1111
CHEK2,CHEK2,loader,2020-04-22-17-26-51-316671,SynonymsString_omnigene_11200
CIC,CIC,loader,2020-04-22-17-26-53-219308,SynonymsString_omnigene_23152
COP1,RFWD2,loader,2020-04-22-17-45-53-077090,SynonymsString_omnigene_64326
CREBBP,CREBBP,loader,2020-04-22-17-27-01-130974,SynonymsString_omnigene_1387
CRKL,CRKL,loader,2020-04-22-17-27-04-578370,SynonymsString_omnigene_1399
CRLF2,CRLF2,loader,2020-04-22-17-27-06-147087,SynonymsString_omnigene_64109
CSF1R,CSF1R,loader,2020-04-22-17-27-10-118045,SynonymsString_omnigene_1436
CSF3R,CSF3R,loader,2020-04-22-17-27-12-612356,SynonymsString_omnigene_1441
CSNK1A1,CSNK1A1,loader,2020-04-22-17-27-15-853929,SynonymsString_omnigene_1452
CSNK2A1,CSNK2A1,loader,2020-04-22-17-27-23-908314,SynonymsString_omnigene_1457
CTAG1B,CTAG1B,Carrie.Hoefer@omniseq.com,2020-04-22-18-15-26-766208,SynonymsString_omnigene_1485
CTAG2,CTAG2,Carrie.Hoefer@omniseq.com,2020-04-22-18-15-30-260638,SynonymsString_omnigene_30848
CTCF,CTCF,loader,2020-04-22-17-27-29-029288,SynonymsString_omnigene_10664
CTLA4,CTLA4,loader,2020-04-22-17-27-31-290049,SynonymsString_omnigene_1493
CTNNA1,CTNNA1,loader,2020-04-22-17-27-34-436950,SynonymsString_omnigene_1495
CTNNB1,CTNNB1,loader,2020-04-22-17-27-43-598336,SynonymsString_omnigene_1499
CUL3,CUL3,loader,2020-04-22-17-28-00-408754,SynonymsString_omnigene_8452
CUX1,CUX1,loader,2020-04-22-17-28-05-076378,SynonymsString_omnigene_1523
CXCL10,CXCL10,loader,2020-04-22-17-28-08-962294,SynonymsString_omnigene_3627
CXCR2,CXCR2,Carrie.Hoefer@omniseq.com,2020-04-22-18-15-38-558718,SynonymsString_omnigene_3579
CXCR4,CXCR4,loader,2020-04-22-17-28-14-627272,SynonymsString_omnigene_7852
CXCR6,CXCR6,loader,2020-04-22-17-28-16-457802,SynonymsString_omnigene_10663
CYLD,CYLD,loader,2020-04-22-17-28-24-478101,SynonymsString_omnigene_1540
DAXX,DAXX,loader,2020-04-22-17-28-29-815794,SynonymsString_omnigene_1616
DCUN1D1,DCUN1D1,loader,2020-04-22-17-28-32-863927,SynonymsString_omnigene_54165
DDR2,DDR2,loader,2020-04-22-17-28-36-294039,SynonymsString_omnigene_4921
DDX41,DDX41,loader,2020-04-22-17-28-38-831492,SynonymsString_omnigene_51428
DDX58,DDX58,loader,2020-04-22-17-28-42-178692,SynonymsString_omnigene_23586
DHX15,DHX15,loader,2020-04-22-17-28-43-999308,SynonymsString_omnigene_1665
DICER1,DICER1,loader,2020-04-22-17-28-46-458156,SynonymsString_omnigene_23405
DIS3,DIS3,loader,2020-04-22-17-28-48-021266,SynonymsString_omnigene_22894
DNAJB1,DNAJB1,loader,2020-04-22-17-28-50-190887,SynonymsString_omnigene_3337
DNMT1,DNMT1,loader,2020-04-22-17-28-52-977821,SynonymsString_omnigene_1786
DNMT3A,DNMT3A,loader,2020-04-22-17-28-55-052729,SynonymsString_omnigene_1788
DNMT3B,DNMT3B,loader,2020-04-22-17-28-57-988085,SynonymsString_omnigene_1789
DOT1L,DOT1L,loader,2020-04-22-17-29-00-509598,SynonymsString_omnigene_84444
E2F3,E2F3,loader,2020-04-22-17-29-02-082649,SynonymsString_omnigene_1871
EED,EED,loader,2020-04-22-17-29-03-946568,SynonymsString_omnigene_8726
EGFL7,EGFL7,loader,2020-04-22-17-29-06-289980,SynonymsString_omnigene_51162
EGFR,EGFR,loader,2020-04-22-17-29-14-591250,SynonymsString_omnigene_1956
EIF1AX,EIF1AX,loader,2020-04-22-17-29-17-499052,SynonymsString_omnigene_1964
EIF4A2,EIF4A2,loader,2020-04-22-17-29-20-136914,SynonymsString_omnigene_1974
EIF4E,EIF4E,loader,2020-04-22-17-29-23-005873,SynonymsString_omnigene_1977
ELOC,TCEB1,loader,2020-04-22-17-49-23-077905,SynonymsString_omnigene_6921
EML4,EML4,loader,2020-04-22-17-29-24-625237,SynonymsString_omnigene_27436
EMSY,C11orf30,loader,2020-04-22-17-24-19-695765,SynonymsString_omnigene_56946
ENTPD1,ENTPD1,loader,2020-04-22-17-29-27-054336,SynonymsString_omnigene_953
EP300,EP300,loader,2020-04-22-17-29-37-605680,SynonymsString_omnigene_2033
EPCAM,EPCAM,loader,2020-04-22-17-29-41-188870,SynonymsString_omnigene_4072
EPHA3,EPHA3,loader,2020-04-22-17-29-43-136110,SynonymsString_omnigene_2042
EPHA5,EPHA5,loader,2020-04-22-17-29-44-673344,SynonymsString_omnigene_2044
EPHA7,EPHA7,loader,2020-04-22-17-29-46-986947,SynonymsString_omnigene_2045
EPHB1,EPHB1,loader,2020-04-22-17-29-49-118719,SynonymsString_omnigene_2047
ERBB2,ERBB2,loader,2020-04-22-17-29-52-131396,SynonymsString_omnigene_2064
ERBB3,ERBB3,loader,2020-04-22-17-29-55-326050,SynonymsString_omnigene_2065
ERBB4,ERBB4,loader,2020-04-22-17-29-58-944558,SynonymsString_omnigene_2066
ERCC1,ERCC1,loader,2020-04-22-17-30-00-706345,SynonymsString_omnigene_2067
ERCC2,ERCC2,loader,2020-04-22-17-30-03-373963,SynonymsString_omnigene_2068
ERCC3,ERCC3,loader,2020-04-22-17-30-05-550236,SynonymsString_omnigene_2071
ERCC4,ERCC4,loader,2020-04-22-17-30-08-123011,SynonymsString_omnigene_2072
ERCC5,ERCC5,loader,2020-04-22-17-30-09-912140,SynonymsString_omnigene_2073
ERG,ERG,loader,2020-04-22-17-30-11-704341,SynonymsString_omnigene_2078
ERRFI1,ERRFI1,loader,2020-04-22-17-30-13-223366,SynonymsString_omnigene_54206
ESR1,ESR1,loader,2020-04-22-17-30-16-760928,SynonymsString_omnigene_2099
ETS1,ETS1,loader,2020-04-22-17-30-18-916303,SynonymsString_omnigene_2113
ETV1,ETV1,loader,2020-04-22-17-30-21-338977,SynonymsString_omnigene_2115
ETV4,ETV4,loader,2020-04-22-17-30-22-853521,SynonymsString_omnigene_2118
ETV5,ETV5,loader,2020-04-22-17-30-24-563290,SynonymsString_omnigene_2119
ETV6,ETV6,loader,2020-04-22-17-30-26-386952,SynonymsString_omnigene_2120
EWSR1,EWSR1,loader,2020-04-22-17-30-28-761212,SynonymsString_omnigene_2130
EZH2,EZH2,loader,2020-04-22-17-30-32-567221,SynonymsString_omnigene_2146
FANCA,FANCA,loader,2020-04-22-17-30-41-722487,SynonymsString_omnigene_2175
FANCC,FANCC,loader,2020-04-22-17-30-43-172385,SynonymsString_omnigene_2176
FANCD2,FANCD2,loader,2020-04-22-17-30-45-664734,SynonymsString_omnigene_2177
FANCE,FANCE,loader,2020-04-22-17-30-47-368672,SynonymsString_omnigene_2178
FANCF,FANCF,loader,2020-04-22-17-30-48-947323,SynonymsString_omnigene_2188
FANCG,FANCG,loader,2020-04-22-17-30-50-580821,SynonymsString_omnigene_2189
FANCI,FANCI,loader,2020-04-22-17-30-52-515658,SynonymsString_omnigene_55215
FANCL,FANCL,loader,2020-04-22-17-30-56-614677,SynonymsString_omnigene_55120
FAS,FAS,loader,2020-04-22-17-31-00-143064,SynonymsString_omnigene_355
FAT1,FAT1,loader,2020-04-22-17-31-01-834224,SynonymsString_omnigene_2195
FBXW7,FBXW7,loader,2020-04-22-17-31-10-374098,SynonymsString_omnigene_55294
FGF1,FGF1,loader,2020-04-22-17-31-15-575884,SynonymsString_omnigene_2246
FGF10,FGF10,loader,2020-04-22-17-31-18-317095,SynonymsString_omnigene_2255
FGF14,FGF14,loader,2020-04-22-17-31-20-547184,SynonymsString_omnigene_2259
FGF19,FGF19,loader,2020-04-22-17-31-21-981511,SynonymsString_omnigene_9965
FGF2,FGF2,loader,2020-04-22-17-31-25-776029,SynonymsString_omnigene_2247
FGF23,FGF23,loader,2020-04-22-17-31-27-431413,SynonymsString_omnigene_8074
FGF3,FGF3,loader,2020-04-22-17-31-29-608950,SynonymsString_omnigene_2248
FGF4,FGF4,loader,2020-04-22-17-31-31-013185,SynonymsString_omnigene_2249
FGF5,FGF5,loader,2020-04-22-17-31-32-591709,SynonymsString_omnigene_2250
FGF6,FGF6,loader,2020-04-22-17-31-34-100645,SynonymsString_omnigene_2251
FGF7,FGF7,loader,2020-04-22-17-31-35-542131,SynonymsString_omnigene_2252
FGF8,FGF8,loader,2020-04-22-17-31-38-153602,SynonymsString_omnigene_2253
FGF9,FGF9,loader,2020-04-22-17-31-40-685229,SynonymsString_omnigene_2254
FGFR1,FGFR1,loader,2020-04-22-17-31-43-175860,SynonymsString_omnigene_2260
FGFR2,FGFR2,loader,2020-04-22-17-31-45-408943,SynonymsString_omnigene_2263
FGFR3,FGFR3,loader,2020-04-22-17-31-47-895682,SynonymsString_omnigene_2261
FGFR4,FGFR4,loader,2020-04-22-17-31-49-711188,SynonymsString_omnigene_2264
FH,FH,loader,2020-04-22-17-31-52-233134,SynonymsString_omnigene_2271
FLCN,FLCN,loader,2020-04-22-17-31-58-880769,SynonymsString_omnigene_201163
FLI1,FLI1,loader,2020-04-22-17-32-03-170569,SynonymsString_omnigene_2313
FLT1,FLT1,loader,2020-04-22-17-32-05-871900,SynonymsString_omnigene_2321
FLT3,FLT3,loader,2020-04-22-17-32-08-665696,SynonymsString_omnigene_2322
FLT4,FLT4,loader,2020-04-22-17-32-10-515671,SynonymsString_omnigene_2324
FOXA1,FOXA1,loader,2020-04-22-17-32-12-773581,SynonymsString_omnigene_3169
FOXL2,FOXL2,loader,2020-04-22-17-32-14-443322,SynonymsString_omnigene_668
FOXO1,FOXO1,loader,2020-04-22-17-32-16-938162,SynonymsString_omnigene_2308
FOXP1,FOXP1,loader,2020-04-22-17-32-21-971862,SynonymsString_omnigene_27086
FOXP3,FOXP3,loader,2020-04-22-17-32-26-537826,SynonymsString_omnigene_50943
FRS2,FRS2,loader,2020-04-22-17-32-28-883996,SynonymsString_omnigene_10818
FUBP1,FUBP1,loader,2020-04-22-17-32-30-310474,SynonymsString_omnigene_8880
FYN,FYN,loader,2020-04-22-17-32-32-805350,SynonymsString_omnigene_2534
GABRA6,GABRA6,loader,2020-04-22-17-32-34-229051,SynonymsString_omnigene_2559
GAS6,GAS6,loader,2020-04-22-17-32-36-666026,SynonymsString_omnigene_2621
GATA1,GATA1,loader,2020-04-22-17-32-38-757575,SynonymsString_omnigene_2623
GATA2,GATA2,loader,2020-04-22-17-32-40-764016,SynonymsString_omnigene_2624
GATA3,GATA3,loader,2020-04-22-17-32-42-735740,SynonymsString_omnigene_2625
GATA4,GATA4,loader,2020-04-22-17-32-46-846694,SynonymsString_omnigene_2626
GATA6,GATA6,loader,2020-04-22-17-32-53-161293,SynonymsString_omnigene_2627
GEN1,GEN1,loader,2020-04-22-17-32-59-024350,SynonymsString_omnigene_348654
GID4,GID4,loader,2020-04-22-17-33-02-030326,SynonymsString_omnigene_79018
GLI1,GLI1,loader,2020-04-22-17-33-07-289264,SynonymsString_omnigene_2735
GNA11,GNA11,loader,2020-04-22-17-33-09-504869,SynonymsString_omnigene_2767
GNA13,GNA13,loader,2020-04-22-17-33-13-668624,SynonymsString_omnigene_10672
GNAQ,GNAQ,loader,2020-04-22-17-33-15-825502,SynonymsString_omnigene_2776
GNAS,GNAS,loader,2020-04-22-17-33-18-541110,SynonymsString_omnigene_2778
GPS2,GPS2,loader,2020-04-22-17-33-25-456980,SynonymsString_omnigene_2874
GREM1,GREM1,loader,2020-04-22-17-33-28-416277,SynonymsString_omnigene_26585
GRIN2A,GRIN2A,loader,2020-04-22-17-33-32-128084,SynonymsString_omnigene_2903
GRM3,GRM3,loader,2020-04-22-17-33-33-921200,SynonymsString_omnigene_2913
GSK3B,GSK3B,loader,2020-04-22-17-33-38-678691,SynonymsString_omnigene_2932
GZMB,GZMB,loader,2020-04-22-17-33-41-121039,SynonymsString_omnigene_3002
H1-2,HIST1H1C,loader,2020-04-22-17-33-59-647033,SynonymsString_omnigene_3006
H2BC5,HIST1H2BD,loader,2020-04-22-17-34-01-499419,SynonymsString_omnigene_3017
H3-3A,H3F3A,loader,2020-04-22-17-33-43-782936,SynonymsString_omnigene_3020
H3-3B,H3F3B,loader,2020-04-22-17-33-47-215353,SynonymsString_omnigene_3021
H3-4,HIST3H3,loader,2020-04-22-17-34-35-561148,SynonymsString_omnigene_8290
H3-5,H3F3C,loader,2020-04-22-17-33-48-720569,SynonymsString_omnigene_440093
H3C1,HIST1H3A,loader,2020-04-22-17-34-04-122377,SynonymsString_omnigene_8350
H3C10,HIST1H3H,loader,2020-04-22-17-34-19-376134,SynonymsString_omnigene_8357
H3C11,HIST1H3I,loader,2020-04-22-17-34-22-405366,SynonymsString_omnigene_8354
H3C12,HIST1H3J,loader,2020-04-22-17-34-25-386487,SynonymsString_omnigene_8356
H3C13,HIST2H3D,loader,2020-04-22-17-34-33-381323,SynonymsString_omnigene_653604
H3C14,HIST2H3C,loader,2020-04-22-17-34-30-506866,SynonymsString_omnigene_126961
H3C15,HIST2H3A,loader,2020-04-22-17-34-27-833818,SynonymsString_omnigene_333932
H3C2,HIST1H3B,loader,2020-04-22-17-34-06-683491,SynonymsString_omnigene_8358
H3C6,HIST1H3E,loader,2020-04-22-17-34-09-632757,SynonymsString_omnigene_8353
H3C7,HIST1H3F,loader,2020-04-22-17-34-13-104985,SynonymsString_omnigene_8968
H3C8,HIST1H3G,loader,2020-04-22-17-34-16-147798,SynonymsString_omnigene_8355
HAVCR2,HAVCR2,loader,2020-04-22-17-33-54-524573,SynonymsString_omnigene_84868
HGF,HGF,loader,2020-04-22-17-33-58-090469,SynonymsString_omnigene_3082
HLA-A,HLA-A,loader,2020-04-22-17-34-53-250517,SynonymsString_omnigene_3105
HNF1A,HNF1A,loader,2020-04-22-17-34-58-239868,SynonymsString_omnigene_6927
HNRNPK,HNRNPK,loader,2020-04-22-17-35-01-056976,SynonymsString_omnigene_3190
HOXB13,HOXB13,loader,2020-04-22-17-35-03-561120,SynonymsString_omnigene_10481
HRAS,HRAS,loader,2020-04-22-17-35-07-972088,SynonymsString_omnigene_3265
HSD3B1,HSD3B1,loader,2020-04-22-17-35-10-271904,SynonymsString_omnigene_3283
HSP90AA1,HSP90AA1,loader,2020-04-22-17-35-16-957155,SynonymsString_omnigene_3320
ICOS,ICOS,loader,2020-04-22-17-35-19-292174,SynonymsString_omnigene_29851
ICOSLG,ICOSLG,loader,2020-04-22-17-35-21-516527,SynonymsString_omnigene_23308
ID3,ID3,loader,2020-04-22-17-35-23-087157,SynonymsString_omnigene_3399
IDH1,IDH1,loader,2020-04-22-17-35-26-227224,SynonymsString_omnigene_3417
IDH2,IDH2,loader,2020-04-22-17-35-28-854930,SynonymsString_omnigene_3418
IDO1,IDO1,loader,2020-04-22-17-35-32-744786,SynonymsString_omnigene_3620
IFITM1,IFITM1,loader,2020-04-22-17-35-34-796070,SynonymsString_omnigene_8519
IFITM3,IFITM3,loader,2020-04-22-17-35-36-865083,SynonymsString_omnigene_10410
IFNG,IFNG,loader,2020-04-22-17-35-39-129693,SynonymsString_omnigene_3458
IFNGR1,IFNGR1,loader,2020-04-22-17-35-42-048767,SynonymsString_omnigene_3459
IGF1,IGF1,loader,2020-04-22-17-35-46-657046,SynonymsString_omnigene_3479
IGF1R,IGF1R,loader,2020-04-22-17-35-50-464775,SynonymsString_omnigene_3480
IGF2,IGF2,loader,2020-04-22-17-35-53-592167,SynonymsString_omnigene_3481
IKBKE,IKBKE,loader,2020-04-22-17-35-55-789663,SynonymsString_omnigene_9641
IKZF1,IKZF1,loader,2020-04-22-17-35-58-707171,SynonymsString_omnigene_10320
IL10,IL10,loader,2020-04-22-17-36-02-225114,SynonymsString_omnigene_3586
IL1B,IL1B,loader,2020-04-22-17-36-05-639615,SynonymsString_omnigene_3553
IL6,IL6,loader,2020-04-22-17-36-08-404179,SynonymsString_omnigene_3569
IL7R,IL7R,loader,2020-04-22-17-36-11-075236,SynonymsString_omnigene_3575
INHA,INHA,loader,2020-04-22-17-36-12-536279,SynonymsString_omnigene_3623
INHBA,INHBA,loader,2020-04-22-17-36-14-459234,SynonymsString_omnigene_3624
INPP4A,INPP4A,loader,2020-04-22-17-36-17-632556,SynonymsString_omnigene_3631
INPP4B,INPP4B,loader,2020-04-22-17-36-21-160297,SynonymsString_omnigene_8821
INSR,INSR,loader,2020-04-22-17-36-25-319418,SynonymsString_omnigene_3643
IRF2,IRF2,loader,2020-04-22-17-36-27-918170,SynonymsString_omnigene_3660
IRF4,IRF4,loader,2020-04-22-17-36-30-684859,SynonymsString_omnigene_3662
IRS1,IRS1,loader,2020-04-22-17-36-32-823022,SynonymsString_omnigene_3667
IRS2,IRS2,loader,2020-04-22-17-36-34-639554,SynonymsString_omnigene_8660
JAK1,JAK1,loader,2020-04-22-17-36-37-455860,SynonymsString_omnigene_3716
JAK2,JAK2,loader,2020-04-22-17-36-41-970909,SynonymsString_omnigene_3717
JAK3,JAK3,loader,2020-04-22-17-36-44-292991,SynonymsString_omnigene_3718
JUN,JUN,loader,2020-04-22-17-36-48-303390,SynonymsString_omnigene_3725
KAT6A,KAT6A,loader,2020-04-22-17-36-50-804654,SynonymsString_omnigene_7994
KDM5A,KDM5A,loader,2020-04-22-17-36-54-355000,SynonymsString_omnigene_5927
KDM5C,KDM5C,loader,2020-04-22-17-36-56-947972,SynonymsString_omnigene_8242
KDM6A,KDM6A,loader,2020-04-22-17-37-00-236369,SynonymsString_omnigene_7403
KDR,KDR,loader,2020-04-22-17-37-04-248240,SynonymsString_omnigene_3791
KEAP1,KEAP1,loader,2020-04-22-17-37-11-442372,SynonymsString_omnigene_9817
KEL,KEL,loader,2020-04-22-17-37-15-098942,SynonymsString_omnigene_3792
KIF5B,KIF5B,loader,2020-04-22-17-37-17-919971,SynonymsString_omnigene_3799
KIT,KIT,loader,2020-04-22-17-37-20-745509,SynonymsString_omnigene_3815
KLF4,KLF4,loader,2020-04-22-17-37-23-277685,SynonymsString_omnigene_9314
KLHL6,KLHL6,loader,2020-04-22-17-37-24-816515,SynonymsString_omnigene_89857
KLRD1,KLRD1,loader,2020-04-22-17-37-27-039852,SynonymsString_omnigene_3824
KMT2A,MLL,loader,2020-04-22-17-39-16-192864,SynonymsString_omnigene_4297
KMT2B,KMT2B,loader,2020-04-22-17-37-29-451661,SynonymsString_omnigene_9757
KMT2C,KMT2C,loader,2020-04-22-17-37-32-236588,SynonymsString_omnigene_58508
KMT2D,KMT2D,loader,2020-04-22-17-37-35-531548,SynonymsString_omnigene_8085
KNSTRN,KNSTRN,loader,2020-04-22-17-37-39-355433,SynonymsString_omnigene_90417
KRAS,KRAS,loader,2020-04-22-17-37-43-640887,SynonymsString_omnigene_3845
LAG3,LAG3,loader,2020-04-22-17-37-47-039841,SynonymsString_omnigene_3902
LAMP1,LAMP1,loader,2020-04-22-17-37-48-969150,SynonymsString_omnigene_3916
LATS1,LATS1,loader,2020-04-22-17-37-51-961112,SynonymsString_omnigene_9113
LATS2,LATS2,loader,2020-04-22-17-37-54-390413,SynonymsString_omnigene_26524
LMO1,LMO1,loader,2020-04-22-17-37-55-968860,SynonymsString_omnigene_4004
LRP1B,LRP1B,loader,2020-04-22-17-37-58-716230,SynonymsString_omnigene_53353
LYN,LYN,loader,2020-04-22-17-38-00-932382,SynonymsString_omnigene_4067
LZTR1,LZTR1,loader,2020-04-22-17-38-04-051577,SynonymsString_omnigene_8216
MAGEA1,MAGEA1,Carrie.Hoefer@omniseq.com,2020-04-22-18-15-57-373996,SynonymsString_omnigene_4100
MAGEA3,MAGEA3,Carrie.Hoefer@omniseq.com,2020-04-22-18-15-59-825086,SynonymsString_omnigene_4102
MAGEA4,MAGEA4,Carrie.Hoefer@omniseq.com,2020-04-22-18-16-03-230751,SynonymsString_omnigene_4103
MAGI2,MAGI2,loader,2020-04-22-17-38-06-596331,SynonymsString_omnigene_9863
MAGOH,MAGOH,loader,2020-04-22-17-38-08-988127,SynonymsString_omnigene_4116
MALT1,MALT1,loader,2020-04-22-17-38-11-789342,SynonymsString_omnigene_10892
MAP2K1,MAP2K1,loader,2020-04-22-17-38-14-422336,SynonymsString_omnigene_5604
MAP2K2,MAP2K2,loader,2020-04-22-17-38-16-552681,SynonymsString_omnigene_5605
MAP2K4,MAP2K4,loader,2020-04-22-17-38-18-848004,SynonymsString_omnigene_6416
MAP3K1,MAP3K1,loader,2020-04-22-17-38-21-449183,SynonymsString_omnigene_4214
MAP3K13,MAP3K13,loader,2020-04-22-17-38-23-165918,SynonymsString_omnigene_9175
MAP3K4,MAP3K4,loader,2020-04-22-17-38-25-176663,SynonymsString_omnigene_4216
MAPK1,MAPK1,loader,2020-04-22-17-38-28-800080,SynonymsString_omnigene_5594
MAPK3,MAPK3,loader,2020-04-22-17-38-31-582038,SynonymsString_omnigene_5595
MAX,MAX,loader,2020-04-22-17-38-34-618529,SynonymsString_omnigene_4149
MCL1,MCL1,loader,2020-04-22-17-38-37-200417,SynonymsString_omnigene_4170
MDC1,MDC1,loader,2020-04-22-17-38-39-384388,SynonymsString_omnigene_9656
MDM2,MDM2,loader,2020-04-22-17-38-48-488767,SynonymsString_omnigene_4193
MDM4,MDM4,loader,2020-04-22-17-38-52-349499,SynonymsString_omnigene_4194
MED12,MED12,loader,2020-04-22-17-38-54-548133,SynonymsString_omnigene_9968
MEF2B,MEF2B,loader,2020-04-22-17-38-55-967717,SynonymsString_omnigene_100271849
MEN1,MEN1,loader,2020-04-22-17-38-58-514767,SynonymsString_omnigene_4221
MET,MET,loader,2020-04-22-17-39-02-363890,SynonymsString_omnigene_4233
MGA,MGA,loader,2020-04-22-17-39-04-813878,SynonymsString_omnigene_23269
MITF,MITF,loader,2020-04-22-17-39-07-194619,SynonymsString_omnigene_4286
MLH1,MLH1,loader,2020-04-22-17-39-10-571681,SynonymsString_omnigene_4292
MLLT3,MLLT3,loader,2020-04-22-17-39-21-707232,SynonymsString_omnigene_4300
MPL,MPL,loader,2020-04-22-17-39-24-788287,SynonymsString_omnigene_4352
MRE11,MRE11A,loader,2020-04-22-17-39-32-811596,SynonymsString_omnigene_4361
MS4A1,MS4A1,loader,2020-04-22-17-39-36-075637,SynonymsString_omnigene_931
MSH2,MSH2,loader,2020-04-22-17-39-39-768058,SynonymsString_omnigene_4436
MSH3,MSH3,loader,2020-04-22-17-39-41-755876,SynonymsString_omnigene_4437
MSH6,MSH6,loader,2020-04-22-17-39-44-238189,SynonymsString_omnigene_2956
MST1,MST1,loader,2020-04-22-17-39-46-200061,SynonymsString_omnigene_4485
MST1R,MST1R,loader,2020-04-22-17-39-48-404540,SynonymsString_omnigene_4486
MTOR,MTOR,loader,2020-04-22-17-40-01-098285,SynonymsString_omnigene_2475
MUTYH,MUTYH,loader,2020-04-22-17-40-07-073434,SynonymsString_omnigene_4595
MX1,MX1,loader,2020-04-22-17-40-09-851125,SynonymsString_omnigene_4599
MYB,MYB,loader,2020-04-22-17-40-11-914479,SynonymsString_omnigene_4602
MYC,MYC,loader,2020-04-22-17-40-14-843644,SynonymsString_omnigene_4609
MYCL,MYCL1,loader,2020-04-22-17-40-18-250924,SynonymsString_omnigene_4610
MYCL,MYCL1,loader,2020-04-22-17-40-18-250924,SynonymsString_omnigene_4610
MYCN,MYCN,loader,2020-04-22-17-40-20-190504,SynonymsString_omnigene_4613
MYD88,MYD88,loader,2020-04-22-17-40-27-501202,SynonymsString_omnigene_4615
MYO18A,MYO18A,loader,2020-04-22-17-40-32-134791,SynonymsString_omnigene_399687
MYOD1,MYOD1,loader,2020-04-22-17-40-35-788693,SynonymsString_omnigene_4654
NAB2,NAB2,loader,2020-04-22-17-40-37-618744,SynonymsString_omnigene_4665
NBN,NBN,loader,2020-04-22-17-40-40-123214,SynonymsString_omnigene_4683
NCOA3,NCOA3,loader,2020-04-22-17-40-41-921185,SynonymsString_omnigene_8202
NCOR1,NCOR1,loader,2020-04-22-17-40-44-320262,SynonymsString_omnigene_9611
NECTIN2,NECTIN2,Carrie.Hoefer@omniseq.com,2020-04-22-18-16-09-478166,SynonymsString_omnigene_5819
NEGR1,NEGR1,loader,2020-04-22-17-40-46-039548,SynonymsString_omnigene_257194
NF1,NF1,loader,2020-04-22-17-40-48-596197,SynonymsString_omnigene_4763
NF2,NF2,loader,2020-04-22-17-40-50-668613,SynonymsString_omnigene_4771
NFE2L2,NFE2L2,loader,2020-04-22-17-40-55-419998,SynonymsString_omnigene_4780
NFKBIA,NFKBIA,loader,2020-04-22-17-40-58-096824,SynonymsString_omnigene_4792
NKX2-1,NKX2-1,loader,2020-04-22-17-41-00-477999,SynonymsString_omnigene_7080
NKX2-8,NKX2-8,loader,2020-04-22-17-41-01-891801,SynonymsString_omnigene_26257
NKX3-1,NKX3-1,loader,2020-04-22-17-41-04-461533,SynonymsString_omnigene_4824
NOTCH1,NOTCH1,loader,2020-04-22-17-41-07-695913,SynonymsString_omnigene_4851
NOTCH2,NOTCH2,loader,2020-04-22-17-41-11-940567,SynonymsString_omnigene_4853
NOTCH3,NOTCH3,loader,2020-04-22-17-41-15-198888,SynonymsString_omnigene_4854
NOTCH4,NOTCH4,loader,2020-04-22-17-41-17-027480,SynonymsString_omnigene_4855
NPM1,NPM1,loader,2020-04-22-17-41-20-727533,SynonymsString_omnigene_4869
NRAS,NRAS,loader,2020-04-22-17-41-23-759461,SynonymsString_omnigene_4893
NRG1,NRG1,loader,2020-04-22-17-41-26-716985,SynonymsString_omnigene_3084
NSD1,NSD1,loader,2020-04-22-17-41-28-436416,SynonymsString_omnigene_64324
NTRK1,NTRK1,loader,2020-04-22-17-41-32-775937,SynonymsString_omnigene_4914
NTRK2,NTRK2,loader,2020-04-22-17-41-35-828486,SynonymsString_omnigene_4915
NTRK3,NTRK3,loader,2020-04-22-17-41-37-665534,SynonymsString_omnigene_4916
NUP93,NUP93,loader,2020-04-22-17-41-40-322387,SynonymsString_omnigene_9688
NUTM1,NUTM1,loader,2020-04-22-17-41-42-754893,SynonymsString_omnigene_256646
PAK1,PAK1,loader,2020-04-22-17-41-45-888553,SynonymsString_omnigene_5058
PAK3,PAK3,loader,2020-04-22-17-41-48-069968,SynonymsString_omnigene_5063
PAK5,PAK7,loader,2020-04-22-17-41-49-904332,SynonymsString_omnigene_57144
PALB2,PALB2,loader,2020-04-22-17-41-55-805799,SynonymsString_omnigene_79728
PARP1,PARP1,loader,2020-04-22-17-42-20-242979,SynonymsString_omnigene_142
PAX3,PAX3,loader,2020-04-22-17-42-23-782254,SynonymsString_omnigene_5077
PAX5,PAX5,loader,2020-04-22-17-42-26-553869,SynonymsString_omnigene_5079
PAX7,PAX7,loader,2020-04-22-17-42-28-656668,SynonymsString_omnigene_5081
PAX8,PAX8,loader,2020-04-22-17-42-30-240285,SynonymsString_omnigene_7849
PBRM1,PBRM1,loader,2020-04-22-17-42-33-191548,SynonymsString_omnigene_55193
PDCD1,PDCD1,loader,2020-04-22-17-42-36-411031,SynonymsString_omnigene_5133
PDCD1LG2,PDCD1LG2,loader,2020-04-22-17-42-38-551151,SynonymsString_omnigene_80380
PDGFRA,PDGFRA,loader,2020-04-22-17-42-41-213844,SynonymsString_omnigene_5156
PDGFRB,PDGFRB,loader,2020-04-22-17-42-43-741685,SynonymsString_omnigene_5159
PDK1,PDK1,loader,2020-04-22-17-42-46-104480,SynonymsString_omnigene_5163
PDPK1,PDPK1,loader,2020-04-22-17-42-48-353687,SynonymsString_omnigene_5170
PGR,PGR,loader,2020-04-22-17-42-50-740187,SynonymsString_omnigene_5241
PHF6,PHF6,loader,2020-04-22-17-42-52-173418,SynonymsString_omnigene_84295
PHOX2B,PHOX2B,loader,2020-04-22-17-42-54-384143,SynonymsString_omnigene_8929
PIK3C2B,PIK3C2B,loader,2020-04-22-17-42-56-004659,SynonymsString_omnigene_5287
PIK3C2G,PIK3C2G,loader,2020-04-22-17-42-58-256301,SynonymsString_omnigene_5288
PIK3C3,PIK3C3,loader,2020-04-22-17-43-00-615588,SynonymsString_omnigene_5289
PIK3CA,PIK3CA,loader,2020-04-22-17-43-03-746764,SynonymsString_omnigene_5290
PIK3CB,PIK3CB,loader,2020-04-22-17-43-06-066618,SynonymsString_omnigene_5291
PIK3CD,PIK3CD,loader,2020-04-22-17-43-07-767349,SynonymsString_omnigene_5293
PIK3CG,PIK3CG,loader,2020-04-22-17-43-09-827623,SynonymsString_omnigene_5294
PIK3R1,PIK3R1,loader,2020-04-22-17-43-13-616154,SynonymsString_omnigene_5295
PIK3R2,PIK3R2,loader,2020-04-22-17-43-17-166582,SynonymsString_omnigene_5296
PIK3R3,PIK3R3,loader,2020-04-22-17-43-19-621091,SynonymsString_omnigene_8503
PIM1,PIM1,loader,2020-04-22-17-43-22-694531,SynonymsString_omnigene_5292
PLCG2,PLCG2,loader,2020-04-22-17-43-24-277768,SynonymsString_omnigene_5336
PLK2,PLK2,loader,2020-04-22-17-43-25-754823,SynonymsString_omnigene_10769
PMAIP1,PMAIP1,loader,2020-04-22-17-43-27-472952,SynonymsString_omnigene_5366
PMS1,PMS1,loader,2020-04-22-17-43-29-297965,SynonymsString_omnigene_5378
PMS2,PMS2,loader,2020-04-22-17-43-31-363694,SynonymsString_omnigene_5395
PNP,PNP,loader,2020-04-22-17-43-33-809144,SynonymsString_omnigene_4860
PNRC1,PNRC1,loader,2020-04-22-17-43-35-324555,SynonymsString_omnigene_10957
POLD1,POLD1,loader,2020-04-22-17-43-42-506322,SynonymsString_omnigene_5424
POLE,POLE,loader,2020-04-22-17-43-46-851102,SynonymsString_omnigene_5426
PPARG,PPARG,loader,2020-04-22-17-43-49-941061,SynonymsString_omnigene_5468
PPM1D,PPM1D,loader,2020-04-22-17-43-53-818389,SynonymsString_omnigene_8493
PPP2R1A,PPP2R1A,loader,2020-04-22-17-43-57-558315,SynonymsString_omnigene_5518
PPP2R2A,PPP2R2A,loader,2020-04-22-17-43-59-821617,SynonymsString_omnigene_5520
PPP6C,PPP6C,loader,2020-04-22-17-44-04-629004,SynonymsString_omnigene_5537
PRDM1,PRDM1,loader,2020-04-22-17-44-07-861618,SynonymsString_omnigene_639
PREX2,PREX2,loader,2020-04-22-17-44-09-895529,SynonymsString_omnigene_80243
PRKAR1A,PRKAR1A,loader,2020-04-22-17-44-11-781918,SynonymsString_omnigene_5573
PRKCI,PRKCI,loader,2020-04-22-17-44-14-424118,SynonymsString_omnigene_5584
PRKDC,PRKDC,loader,2020-04-22-17-44-22-546559,SynonymsString_omnigene_5591
PRKN,PARK2,loader,2020-04-22-17-42-08-606711,SynonymsString_omnigene_5071
PRSS8,PRSS8,loader,2020-04-22-17-44-26-092059,SynonymsString_omnigene_5652
PTCH1,PTCH1,loader,2020-04-22-17-44-28-886601,SynonymsString_omnigene_5727
PTEN,PTEN,loader,2020-04-22-17-44-32-765785,SynonymsString_omnigene_5728
PTPN11,PTPN11,loader,2020-04-22-17-44-35-933784,SynonymsString_omnigene_5781
PTPRD,PTPRD,loader,2020-04-22-17-44-38-619521,SynonymsString_omnigene_5789
PTPRS,PTPRS,loader,2020-04-22-17-44-42-777271,SynonymsString_omnigene_5802
PTPRT,PTPRT,loader,2020-04-22-17-44-45-759346,SynonymsString_omnigene_11122
PVR,PVR,Carrie.Hoefer@omniseq.com,2020-04-22-18-16-15-641471,SynonymsString_omnigene_5817
QKI,QKI,loader,2020-04-22-17-44-50-117203,SynonymsString_omnigene_9444
RAB35,RAB35,loader,2020-04-22-17-44-52-091758,SynonymsString_omnigene_11021
RAC1,RAC1,loader,2020-04-22-17-44-55-166338,SynonymsString_omnigene_5879
RAD21,RAD21,loader,2020-04-22-17-44-59-030610,SynonymsString_omnigene_5885
RAD50,RAD50,loader,2020-04-22-17-45-02-264256,SynonymsString_omnigene_10111
RAD51,RAD51,loader,2020-04-22-17-45-06-241507,SynonymsString_omnigene_5888
RAD51B,RAD51B,loader,2020-04-22-17-45-08-183726,SynonymsString_omnigene_5890
RAD51C,RAD51C,loader,2020-04-22-17-45-10-796632,SynonymsString_omnigene_5889
RAD51D,RAD51D,loader,2020-04-22-17-45-12-651452,SynonymsString_omnigene_5892
RAD52,RAD52,loader,2020-04-22-17-45-14-876135,SynonymsString_omnigene_5893
RAD54L,RAD54L,loader,2020-04-22-17-45-16-226140,SynonymsString_omnigene_8438
RAF1,RAF1,loader,2020-04-22-17-45-19-864217,SynonymsString_omnigene_5894
RANBP2,RANBP2,loader,2020-04-22-17-45-27-557633,SynonymsString_omnigene_5903
RARA,RARA,loader,2020-04-22-17-45-32-340860,SynonymsString_omnigene_5914
RASA1,RASA1,loader,2020-04-22-17-45-34-657177,SynonymsString_omnigene_5921
RB1,RB1,loader,2020-04-22-17-45-38-599936,SynonymsString_omnigene_5925
RBM10,RBM10,loader,2020-04-22-17-45-41-174751,SynonymsString_omnigene_8241
RECQL4,RECQL4,loader,2020-04-22-17-45-44-230500,SynonymsString_omnigene_9401
REL,REL,loader,2020-04-22-17-45-46-121308,SynonymsString_omnigene_5966
RET,RET,loader,2020-04-22-17-45-50-647829,SynonymsString_omnigene_5979
RHEB,RHEB,loader,2020-04-22-17-45-55-081480,SynonymsString_omnigene_6009
RHOA,RHOA,loader,2020-04-22-17-46-02-447982,SynonymsString_omnigene_387
RICTOR,RICTOR,loader,2020-04-22-17-46-05-118460,SynonymsString_omnigene_253260
RIT1,RIT1,loader,2020-04-22-17-46-07-370781,SynonymsString_omnigene_6016
RNF43,RNF43,loader,2020-04-22-17-46-11-032512,SynonymsString_omnigene_54894
ROS1,ROS1,loader,2020-04-22-17-46-13-370845,SynonymsString_omnigene_6098
RPS6KA4,RPS6KA4,loader,2020-04-22-17-46-15-077854,SynonymsString_omnigene_8986
RPS6KB1,RPS6KB1,loader,2020-04-22-17-46-23-325913,SynonymsString_omnigene_6198
RPS6KB2,RPS6KB2,loader,2020-04-22-17-46-26-827636,SynonymsString_omnigene_6199
RPTOR,RPTOR,loader,2020-04-22-17-46-29-013561,SynonymsString_omnigene_57521
RUNX1,RUNX1,loader,2020-04-22-17-46-34-227035,SynonymsString_omnigene_861
RUNX1T1,RUNX1T1,loader,2020-04-22-17-46-38-521422,SynonymsString_omnigene_862
RYBP,RYBP,loader,2020-04-22-17-46-44-957066,SynonymsString_omnigene_23429
SDHA,SDHA,loader,2020-04-22-17-46-48-100312,SynonymsString_omnigene_6389
SDHAF2,SDHAF2,loader,2020-04-22-17-46-50-268224,SynonymsString_omnigene_54949
SDHB,SDHB,loader,2020-04-22-17-46-52-148022,SynonymsString_omnigene_6390
SDHC,SDHC,loader,2020-04-22-17-46-54-270635,SynonymsString_omnigene_6391
SDHD,SDHD,loader,2020-04-22-17-46-57-366032,SynonymsString_omnigene_6392
SETBP1,SETBP1,loader,2020-04-22-17-46-59-551259,SynonymsString_omnigene_26040
SETD2,SETD2,loader,2020-04-22-17-47-07-392219,SynonymsString_omnigene_29072
SF3B1,SF3B1,loader,2020-04-22-17-47-12-787273,SynonymsString_omnigene_23451
SH2B3,SH2B3,loader,2020-04-22-17-47-15-053544,SynonymsString_omnigene_10019
SH2D1A,SH2D1A,loader,2020-04-22-17-47-18-143305,SynonymsString_omnigene_4068
SHQ1,SHQ1,loader,2020-04-22-17-47-20-053501,SynonymsString_omnigene_55164
SLIT2,SLIT2,loader,2020-04-22-17-47-22-526927,SynonymsString_omnigene_9353
SLX4,SLX4,loader,2020-04-22-17-47-25-558401,SynonymsString_omnigene_84464
SMAD2,SMAD2,loader,2020-04-22-17-47-28-628312,SynonymsString_omnigene_4087
SMAD3,SMAD3,loader,2020-04-22-17-47-31-334015,SynonymsString_omnigene_4088
SMAD4,SMAD4,loader,2020-04-22-17-47-34-021264,SynonymsString_omnigene_4089
SMARCA4,SMARCA4,loader,2020-04-22-17-47-36-348980,SynonymsString_omnigene_6597
SMARCB1,SMARCB1,loader,2020-04-22-17-47-39-312869,SynonymsString_omnigene_6598
SMARCD1,SMARCD1,loader,2020-04-22-17-47-43-632877,SynonymsString_omnigene_6602
SMC1A,SMC1A,loader,2020-04-22-17-47-46-453417,SynonymsString_omnigene_8243
SMC3,SMC3,loader,2020-04-22-17-47-49-866407,SynonymsString_omnigene_9126
SMO,SMO,loader,2020-04-22-17-47-51-881754,SynonymsString_omnigene_6608
SNCAIP,SNCAIP,loader,2020-04-22-17-47-53-885341,SynonymsString_omnigene_9627
SOCS1,SOCS1,loader,2020-04-22-17-47-56-766707,SynonymsString_omnigene_8651
SOX10,SOX10,loader,2020-04-22-17-48-00-270429,SynonymsString_omnigene_6663
SOX17,SOX17,loader,2020-04-22-17-48-02-264717,SynonymsString_omnigene_64321
SOX2,SOX2,loader,2020-04-22-17-48-04-486883,SynonymsString_omnigene_6657
SOX9,SOX9,loader,2020-04-22-17-48-07-495013,SynonymsString_omnigene_6662
SPEN,SPEN,loader,2020-04-22-17-48-09-887623,SynonymsString_omnigene_23013
SPOP,SPOP,loader,2020-04-22-17-48-12-634078,SynonymsString_omnigene_8405
SPTA1,SPTA1,loader,2020-04-22-17-48-15-095964,SynonymsString_omnigene_6708
SRC,SRC,loader,2020-04-22-17-48-22-128031,SynonymsString_omnigene_6714
SRSF2,SRSF2,loader,2020-04-22-17-48-25-384641,SynonymsString_omnigene_6427
SSX2,SSX2,Carrie.Hoefer@omniseq.com,2020-04-22-18-16-18-429448,SynonymsString_omnigene_6757
STAG1,STAG1,loader,2020-04-22-17-48-26-952777,SynonymsString_omnigene_10274
STAG2,STAG2,loader,2020-04-22-17-48-29-982756,SynonymsString_omnigene_10735
STAT1,STAT1,loader,2020-04-22-17-48-33-968077,SynonymsString_omnigene_6772
STAT3,STAT3,loader,2020-04-22-17-48-42-732611,SynonymsString_omnigene_6774
STAT4,STAT4,loader,2020-04-22-17-48-45-439731,SynonymsString_omnigene_6775
STAT5A,STAT5A,loader,2020-04-22-17-48-48-555521,SynonymsString_omnigene_6776
STAT5B,STAT5B,loader,2020-04-22-17-48-50-530399,SynonymsString_omnigene_6777
STK11,STK11,loader,2020-04-22-17-48-53-589917,SynonymsString_omnigene_6794
STK40,STK40,loader,2020-04-22-17-48-55-260853,SynonymsString_omnigene_83931
SUFU,SUFU,loader,2020-04-22-17-49-02-267361,SynonymsString_omnigene_51684
SUZ12,SUZ12,loader,2020-04-22-17-49-06-024486,SynonymsString_omnigene_23512
SYK,SYK,loader,2020-04-22-17-49-09-985146,SynonymsString_omnigene_6850
TAF1,TAF1,loader,2020-04-22-17-49-14-911553,SynonymsString_omnigene_6872
TBX21,TBX21,loader,2020-04-22-17-49-18-700201,SynonymsString_omnigene_30009
TBX3,TBX3,loader,2020-04-22-17-49-21-416234,SynonymsString_omnigene_6926
TCF3,TCF3,loader,2020-04-22-17-49-25-149783,SynonymsString_omnigene_6929
TCF7L2,TCF7L2,loader,2020-04-22-17-49-28-633574,SynonymsString_omnigene_6934
TENT5C,FAM46C,loader,2020-04-22-17-30-39-389446,SynonymsString_omnigene_54855
TERC,TERC,loader,2020-04-22-17-49-29-434746,SynonymsString_omnigene_7012
TERT,TERT,loader,2020-04-22-17-49-32-629100,SynonymsString_omnigene_7015
TET1,TET1,loader,2020-04-22-17-49-35-712375,SynonymsString_omnigene_80312
TET2,TET2,loader,2020-04-22-17-49-38-984556,SynonymsString_omnigene_54790
TFE3,TFE3,loader,2020-04-22-17-49-41-964109,SynonymsString_omnigene_7030
TFRC,TFRC,loader,2020-04-22-17-49-44-522630,SynonymsString_omnigene_7037
TGFB1,TGFB1,loader,2020-04-22-17-49-47-462799,SynonymsString_omnigene_7040
TGFBR1,TGFBR1,loader,2020-04-22-17-49-49-958822,SynonymsString_omnigene_7046
TGFBR2,TGFBR2,loader,2020-04-22-17-49-52-160970,SynonymsString_omnigene_7048
TIAF1,TIAF1,loader,2020-04-22-17-49-54-328616,SynonymsString_omnigene_9220
TIGIT,TIGIT,Carrie.Hoefer@omniseq.com,2020-04-22-18-16-22-733316,SynonymsString_omnigene_201633
TLR7,TLR7,Carrie.Hoefer@omniseq.com,2020-04-22-18-16-27-172365,SynonymsString_omnigene_51284
TLR8,TLR8,Carrie.Hoefer@omniseq.com,2020-04-22-18-16-36-396877,SynonymsString_omnigene_51311
TLR9,TLR9,Carrie.Hoefer@omniseq.com,2020-04-22-18-16-41-056756,SynonymsString_omnigene_54106
TMEM127,TMEM127,loader,2020-04-22-17-49-56-356145,SynonymsString_omnigene_55654
TMPRSS2,TMPRSS2,loader,2020-04-22-17-49-59-977636,SynonymsString_omnigene_7113
TNF,TNF,loader,2020-04-22-17-50-04-127376,SynonymsString_omnigene_7124
TNFAIP3,TNFAIP3,loader,2020-04-22-17-50-07-144013,SynonymsString_omnigene_7128
TNFRSF14,TNFRSF14,loader,2020-04-22-17-50-10-193821,SynonymsString_omnigene_8764
TNFRSF18,TNFRSF18,loader,2020-04-22-17-50-11-869068,SynonymsString_omnigene_8784
TNFRSF4,TNFRSF4,loader,2020-04-22-17-50-13-390389,SynonymsString_omnigene_7293
TNFRSF9,TNFRSF9,loader,2020-04-22-17-50-15-449294,SynonymsString_omnigene_3604
TNFSF4,TNFSF4,loader,2020-04-22-17-50-18-320744,SynonymsString_omnigene_7292
TOP1,TOP1,loader,2020-04-22-17-50-20-380347,SynonymsString_omnigene_7150
TOP2A,TOP2A,loader,2020-04-22-17-50-24-007831,SynonymsString_omnigene_7153
TP53,TP53,loader,2020-04-22-17-50-30-548257,SynonymsString_omnigene_7157
TP63,TP63,loader,2020-04-22-17-50-33-168708,SynonymsString_omnigene_8626
TRAF2,TRAF2,loader,2020-04-22-17-50-35-826652,SynonymsString_omnigene_7186
TRAF7,TRAF7,loader,2020-04-22-17-50-38-751575,SynonymsString_omnigene_84231
TSC1,TSC1,loader,2020-04-22-17-50-44-164345,SynonymsString_omnigene_7248
TSC2,TSC2,loader,2020-04-22-17-50-48-425753,SynonymsString_omnigene_7249
TSHR,TSHR,loader,2020-04-22-17-50-52-010173,SynonymsString_omnigene_7253
U2AF1,U2AF1,loader,2020-04-22-17-50-53-665182,SynonymsString_omnigene_7307
VEGFA,VEGFA,loader,2020-04-22-17-50-56-224772,SynonymsString_omnigene_7422
VHL,VHL,loader,2020-04-22-17-50-59-543647,SynonymsString_omnigene_7428
VSIR,C10orf54,loader,2020-04-22-17-24-16-087243,SynonymsString_omnigene_64115
VTCN1,VTCN1,loader,2020-04-22-17-51-01-899967,SynonymsString_omnigene_79679
WT1,WT1,loader,2020-04-22-17-51-08-629564,SynonymsString_omnigene_7490
XIAP,XIAP,loader,2020-04-22-17-51-11-270573,SynonymsString_omnigene_331
XPO1,XPO1,loader,2020-04-22-17-51-13-853776,SynonymsString_omnigene_7514
XRCC2,XRCC2,loader,2020-04-22-17-51-16-245891,SynonymsString_omnigene_7516
YAP1,YAP1,loader,2020-04-22-17-51-22-744799,SynonymsString_omnigene_10413
YES1,YES1,loader,2020-04-22-17-51-24-989096,SynonymsString_omnigene_7525
ZBTB2,ZBTB2,loader,2020-04-22-17-51-27-618098,SynonymsString_omnigene_57621
ZBTB7A,ZBTB7A,loader,2020-04-22-17-51-32-126557,SynonymsString_omnigene_51341
ZFHX3,ZFHX3,loader,2020-04-22-17-51-37-225656,SynonymsString_omnigene_463
ZNF217,ZNF217,loader,2020-04-22-17-51-39-284119,SynonymsString_omnigene_7764
ZNF703,ZNF703,loader,2020-04-22-17-51-41-228289,SynonymsString_omnigene_80139
ZRSR2,ZRSR2,loader,2020-04-22-17-51-42-801094,SynonymsString_omnigene_8233
